robot_x,robot_y,robot_vx,robot_vy,yaw_deg,pitch_deg,velocity_mps,rpm,tof_s,yaw_lead_deg,target_z
5.0,2.0,0.0,-2.0,-168.03894353192302,24.440230948549175,12.708196437957724,3981.4414978027344,0.49920335456235365,-9.840353018274826,1.8288
